{"time": [0.14587688446044922, 0.3938119411468506, 0.4844050407409668, 0.5661921501159668, 0.6539866924285889, 0.7522928714752197, 0.844454288482666, 0.934267520904541, 1.0190415382385254, 1.1177783012390137, 1.2050526142120361, 1.3277597427368164, 1.4255731105804443, 1.544323205947876, 1.690107822418213, 1.7953104972839355, 1.9160993099212646, 2.049358367919922, 2.201246976852417, 2.3169384002685547], "diameter": [122, 122, 122, 122, 122, 123, 123, 124, 124, 124, 125, 126, 127, 128, 128, 128, 128, 128, 128, 128]}