{"time": [0.1672534942626953, 0.32084202766418457, 0.4200856685638428, 0.5248072147369385, 0.649294376373291, 0.7417294979095459, 0.841482400894165, 0.9372289180755615, 1.0933959484100342, 1.1762406826019287, 1.2757391929626465, 1.384368658065796, 1.46925950050354, 1.5516045093536377, 1.651486873626709, 1.7651829719543457, 1.8809001445770264, 1.96867036819458, 2.093334913253784, 2.2080276012420654], "diameter": [96, 97, 97, 97, 97, 98, 98, 98, 98, 98, 98, 98, 98, 98, 98, 98, 98, 98, 98, 98]}