{"time": [0.08058023452758789, 0.2884793281555176, 0.3243849277496338, 0.35529613494873047, 0.39020347595214844, 0.48442983627319336, 0.5372889041900635, 0.5851602554321289, 0.619600772857666, 0.6555042266845703, 0.6894373893737793, 0.7466673851013184, 0.7831392288208008, 0.8052964210510254, 0.8382136821746826, 0.8771553039550781, 0.9051048755645752, 0.9455151557922363, 1.0009162425994873, 1.0495209693908691, 1.1413626670837402, 1.1773300170898438, 1.2118315696716309, 1.246269702911377, 1.2781891822814941, 1.3201038837432861, 1.3495409488677979, 1.402942180633545, 1.5457546710968018, 1.5826561450958252, 1.636622667312622, 1.670616626739502, 1.7070708274841309, 1.7640259265899658, 1.7939505577087402, 1.8358349800109863, 1.8873233795166016, 1.9669876098632812, 2.027824878692627, 2.194837808609009], "diameter": [154, 157, 158, 158, 158, 160, 160, 160, 160, 160, 160, 160, 160, 160, 160, 160, 160, 160, 160, 160, 160, 160, 160, 160, 160, 160, 160, 160, 160, 160, 160, 160, 160, 160, 160, 160, 160, 160, 160, 160]}