{"time": [0.15883803367614746, 0.38422346115112305, 0.5940043926239014, 0.6668097972869873, 0.7510929107666016, 0.8345828056335449, 0.9094114303588867, 1.0260989665985107, 1.1313307285308838, 1.2250797748565674, 1.3018743991851807, 1.379211187362671, 1.462106466293335, 1.5388219356536865, 1.6256787776947021, 1.7119667530059814, 1.8126986026763916, 1.9184691905975342, 2.0498485565185547, 2.190502166748047, 2.3439884185791016], "diameter": [96, 96, 96, 96, 96, 96, 96, 96, 96, 96, 96, 98, 100, 103, 105, 107, 108, 109, 109, 110, 110]}